[
  {
    "logo": "fpt.png",
    "company": "CÔNG TY TNHH FPT SOFTWARE",
    "location": "Quận 7, TP.HCM",
    "title": "Lập trình viên Java",
    "type": "Full-time",
    "description": "Phát triển ứng dụng doanh nghiệp bằng Java, tham gia vào các dự án toàn cầu.",
    "salary": "20 triệu",
    "thang": "1 tháng"
  },
  {
    "logo": "vinhomes.png",
    "company": "CÔNG TY CỔ PHẦN VINHOMES",
    "location": "Quận Bình Thạnh, TP.HCM",
    "title": "Chuyên viên Kinh doanh Bất động sản",
    "type": "Full-time",
    "description": "Tư vấn và chăm sóc khách hàng, giới thiệu sản phẩm bất động sản cao cấp.",
    "salary": "12 triệu+",
    "thang": "1 tháng"
  },
  {
    "logo": "samsung.png",
    "company": "CÔNG TY TNHH SAMSUNG ELECTRONICS VIỆT NAM",
    "location": "Thủ Đức, TP.HCM",
    "title": "Kỹ sư Điện tử",
    "type": "Full-time",
    "description": "Tham gia nghiên cứu và phát triển sản phẩm điện tử, cải tiến quy trình sản xuất.",
    "salary": "18 triệu",
    "thang": "1 tháng"
  },
  {
    "logo": "unilever.png",
    "company": "CÔNG TY TNHH UNILEVER VIỆT NAM",
    "location": "Quận 9, TP.HCM",
    "title": "Chuyên viên Marketing",
    "type": "Full-time",
    "description": "Xây dựng chiến lược marketing cho các sản phẩm tiêu dùng nhanh.",
    "salary": "16 triệu",
    "thang": "1 tháng"
  },
  {
    "logo": "grab.png",
    "company": "CÔNG TY TNHH GRAB VIỆT NAM",
    "location": "Quận 10, TP.HCM",
    "title": "Data Analyst",
    "type": "Full-time",
    "description": "Phân tích dữ liệu người dùng, hỗ trợ ra quyết định kinh doanh.",
    "salary": "22 triệu",
    "thang": "1 tháng"
  },
  {
    "logo": "lazada.png",
    "company": "CÔNG TY TNHH LAZADA VIỆT NAM",
    "location": "Quận 1, TP.HCM",
    "title": "Chuyên viên Vận hành E-commerce",
    "type": "Full-time",
    "description": "Quản lý quy trình vận hành thương mại điện tử, tối ưu trải nghiệm khách hàng.",
    "salary": "14 triệu",
    "thang": "1 tháng"
  }
]
