[
  {
    "logo": "wacontre.png",
    "nghe": "HR Tuyển Dụng kiêm C&B",
    "cty": "Công ty TNHH một thành viên Wacontre",
    "daichi": "Bình Thạnh, Tp. HCM",
    "luong": "Up to 30,000,000 VND",
    "phanhoi": "Phản hồi trong 1 tuần",
    "dadang": "Đã đăng 30/10/2025"
  },
  {
    "logo": "altiuslink.png",
    "nghe": "Nhân viên Tuyển dụng",
    "cty": "Công ty Cổ phần Altius Link Việt Nam",
    "daichi": "Hoàng Hoa Thám / Tân Thắng, Tp. HCM",
    "luong": "6,000,000 - 9,000,000 VND",
    "phanhoi": "Phản hồi trong 1 ngày",
    "dadang": "Đã đăng 04/11/2025"
  },
  {
    "logo": "hoasung.png",
    "nghe": "Chuyên viên Tuyển dụng",
    "cty": "Công ty TNHH HOA SUNG",
    "daichi": "Tp. HCM (sản xuất / kho)",
    "luong": "Thỏa thuận theo năng lực",
    "phanhoi": "Phản hồi trong 1 giờ",
    "dadang": "Đã đăng 08/10/2025"
  },
  {
    "logo": "ginhung.png",
    "nghe": "Chuyên viên Tuyển dụng Mass",
    "cty": "Công ty TNHH Công nghiệp Gin Hung Việt Nam",
    "daichi": "Tp. HCM",
    "luong": "12,000,000 - 18,000,000 VND",
    "phanhoi": "Phản hồi trong 1 giờ",
    "dadang": "Cập nhật 11/11/2025"
  },
  {
    "logo": "procomp.png",
    "nghe": "Nhân viên Bán hàng / Tuyển dụng",
    "cty": "Pro Comp",
    "daichi": "Tp. HCM",
    "luong": "Thỏa thuận; nhiều vị trí 10M+",
    "phanhoi": "Phản hồi trong 4 giờ",
    "dadang": "Cập nhật 06/11/2025"
  },
  {
    "logo": "kimoanh.png",
    "nghe": "Chuyên viên Kinh doanh",
    "cty": "Kim Oanh Group",
    "daichi": "Quận Tân Bình / Quận 1, Tp. HCM",
    "luong": "Up to 10,000,000 VND (vị trí tham khảo)",
    "phanhoi": "Phản hồi trong 7 giờ",
    "dadang": "Cập nhật 11/11/2025"
  }
]
